{"file_hashes":[{"block_hashes":["ugphWYITho5LuZ3z1DT/zQMSyegtWt7Eoc0SkgoM6KQ="],"block_size":4096,"path":"css/InboxGoogle.css"},{"block_hashes":["dcTsFCkXSSiI8fWMvZf3ydIRvP+wFMpisZGcWlBTIBM=","M6kWjeSs9dKYl/IVu3Q2x25oZgDfz3Z4kTbnsDKCElQ=","wzXkkgJlZW1M38sMRgpg0SIz2pQjT+Zii4TZJYTAn0Q="],"block_size":4096,"path":"css/NewsGoogle.css"},{"block_hashes":["aQHG/49GAGCzOmuX3xWH4cjtQptrWkh9sO7UhGRHHOQ=","JXmMLRlNZT8vgqiCGjKPjpLNNZV8G6+Ruh8W37yrly8=","GKhljx2wUpIpRfhBuG+Kxh/nmH88zrnoebctX4DIhO0=","MmCK6rgLj4+XI2IpOMUzydu9uFxzElCu/FUxQb+NQe4=","/tvTHlsYb4kmVunlDuPF7xWXP5HhB57GDEpWLt9yLlw=","muU8sgcO3YpYyy8zJalV+cvf4RO07TnGz0Q0dB5jmGI="],"block_size":4096,"path":"css/WebWhatsapp.css"},{"block_hashes":["PgAF3VLhlO6lEqpAwPBCsY31TAnQiG10yKVEk9XBgnQ=","C/zZGSKNCG0s01MYWchD/jPpfgNZdl/F6UaALdhnv5o=","EYb+Tcy1q+n8kMcmQESkHP+ufxkROy5h2WAsTZTCmsI=","M0En3plSdvHilrSfJkvidC9GYURHUSZ9Ofvyz29XAro=","s79gBBD4dE+FMlZgP+j2nWNmCeaLK/uTIUAuuxJPKgs=","TFb+Tg2rTp1GtWT41wBiM6+CnDPPGvLOMVexl3Kta5Q=","7Oud2NSrpwL+yGEMRd1I0r8opcZIFdsJ28oGbgY0DSc=","SI6bK/jDF67mpxzWvlBOLIRXoTnrZJBMoxw2e7lffh4=","PNmw9r4QRISCwz8/Qs50UNMLwLQRce736x+Cl9soEG8=","NUuUq/3DU6qBEZnCZoLGuxNBFjXqRf3cabjaUraRfDU=","+0D50uoyVSyMG4kKAm8iZ1JP8zLbBl8i0f3Irj4syAQ="],"block_size":4096,"path":"css/amazon.css"},{"block_hashes":["RZFBUHuOCMJugIBt79oD8d8FIw32W9MAjv+SenNCQ1w=","+khgx3Jml4+8bsDAwlOe713vb2W8d6RZc58gn8T/zeQ=","XlRew+fEqAGtxuaPzZbtZ3d9JvfSk6Bgc5qNtye3PX8=","XrZftAPdPK35yECND4OaIsOmwg+rOJZGBdyV2ldEYMQ="],"block_size":4096,"path":"css/balloon.css"},{"block_hashes":["J+RxsGFi0oLKIzficmcGkhxv/k/L/Y3AfUF89EWcLRU=","rdTLezVtn14u2rjPfAo/3OVv5U8doriEiTnukn1nd5k="],"block_size":4096,"path":"css/css-popup.css"},{"block_hashes":["RiLBkmolaxk1IfU0eDss84Ksjs9gyVDc25NbypmGvXY="],"block_size":4096,"path":"css/darknightmode.css"},{"block_hashes":["ncPz6S8QJMdAhdm15rur8lTnZFZTWtNcAB3b1tn0bPM=","+YapsPNxMicFRsCGfEOBKslgxCyMi4W6G0BQbNtkRvI=","MdXIWdbzf2Nt3y9Bgg4ju9YSpBwtDjIy73AqBSxQvEU=","zgYB3towDEteTXKgM6QZHZYFvtG5Loc4pzuHfgRZghU=","YX0ndzFTpmCYaSef1F9tLV288xPw8iT5fD5CCc1mFz4=","MstQBUXPoNd66bCrB4rpxeHLxGJKFT3nRR4FCRw3mBw=","VyAjfUjFtfSMWTweERYSmQdVbKyTKSzXvKDKM+j6O5s=","DtvEOnCrUstO5ycQop2SlotSNwps8T4jIDIWuLFwdnM=","awMfCu0Rijd/yqFX9xawKT8AswNNa+FjyPtVJWVibMk=","6mJbqG/rz8n3SGxKENkwJNxxe1nkVzcl8x+7p7OpHWA=","fEY4NH5dJ+EOT10q0VsarrAXJVJPxRni3X82kTkCHg8=","aNtzjJF1dzny+tHrYMk05/ygzXW9Pw8ZGJ5x9oMbiHA=","l51FSGJNzQLcy1zBhLWfyhKeRuJwrH9H9+hV3HyQGBw=","e137JpiW2Z7fATCfKXX1f7RMsf3AEGfnOoSfIvCiEjU=","jMbe4fB5CjI3eLtNS+YS3bRGqmJRrNMtUR4lujs2gQ4=","R0KHj8YylUnLw9KEgUYkLab8SgN8KHXr6GlnNjn9kN4=","fhrhEOjaQ3Rc74Ry0zu++YOv2xgoMS/kKNtBRmCBihg=","sxzD9f7xgMFbBw4KrShd19NhFn6NMySSL1Z/Zy60yD0=","uAjO2jAvNV0/wTIWGAL+tXyXI9ijR5voBSX1fBKb6aI=","WcC8lqJcu9BpvAfI99NRsq3ymZaJTq8giCxIZr9THZM=","IVRnA+UYvnuvbkJCjyycdMZxncYPwXROBOmKHOVqOno=","vuW26L03l1UaWi/cQum3LR/9XfQd2x9z7Pcnj3TJf80=","EruuYsr7xD7Z3PtQ1jE6MlaCHs2pCQWjAYTl1YFhmBc=","AVKvENf4FZhbe0aHRA4ZtFnU4J4PEyBtrsKo5225ewA=","EGZUkH7LxvN+OGplcOI07Z+AhtB4IQkr+KA1JSAL+SA=","OCWlbn+HCEZol8xisGjr4pjqHW4VdahQV39inqOA+lA=","88RxngiMNJJBWZO5TkXdiqF7GuMD7oowxZ++/2+bHIA=","ZDyQRfgbx2A2hmkCo1pK7BajIyAZJTKg9NcK/+Uq6L8=","cwjAZSbo1WxPrIo8FL40yX6yX1bQeaPbFLu2NWEGr0Q=","f9C9ZRR2UoipULhEz4YIm35kn4HkTOKbqXRtNTx3zpo=","MEcSYuW6dbQ/DAAdBLaAnb+Io6baPDI839/se5Nansc="],"block_size":4096,"path":"css/facebook.css"},{"block_hashes":["SbX14IvF8v2+IaIjwAuplLAeL3Y4nbyZvxy3IJec98M=","kqs6MDYRXUyWnzeBRaFj3VQK/mUI+s7VbXoVRlUiwok=","GZ93/W2QsKk0AUFdwpxJIOq2R12o4XJ2jvcM5S4+VY4=","yJTjFh+Wc2ahF++5oqlRvl05nXFF7GZ36FwPbn0IKWI=","urGRkOMh4EILpQNufmavynPy7Yjmb9ZRaz4l/A5V7ro=","hiaSeqsPQ+6Y4zPN6mCq1IdE4ZlQzPHGZaobcsieVpo=","Q44wsogStHXAJWuR+y6UQwMR1jKEA983U27pjS1H3Yw=","SnzOQkJu1slSNL/D6tmKerk/Y9uTtSAHkRmVLSjeNB0=","VY7QrmLKEteMwRVbHXxNldWxOCeqzHi4G6ZdLEjUEDQ=","MN2supYPbTB5Hy+qpvJo1bQW5SDIa2VFYsn6bCxgtyY=","YYlJowLRIMOadasFahX6MNCXIH65VIAsn3TZZRq20xw=","fm6/XF1xp0WaY1SCt074yBQAKdFHxu08rG2G5h0ySXE=","HKgLUT1+OsFYI+EgevNJJKbhhKEOjG74nYIPGugMbx0=","53Z4nOdfwYF9Dh+w3ZtvS62Mz/jm2DWDfNwymKwm15c=","yTk+61FHtA8EdP58up0GRHbRWZACArwkAj2VkATLeos=","4xkqze7CkcmhJ2cWLeeazO1ggK4lsAhHct5XHubtTfw=","AaiXFtqYJbtTcG2lSZJu4ESJFqUm8YKjhDTCaBQYxtw=","LINnNrJk1uKJWh7qApkgEAO31IwRjhxdsrK/DefYw5I=","mlnLTyd7hlubc0lvJNOyAH6jMx7pZWWr8J1EsZkb/yA=","GPCxpDWkiMCSXYJo1FjZbvQ+Kv2QHbg9Z34H5MPZGeQ=","9JIBfOr25E6sWVq80BMRmzCdNtgTt4H8KSlZ+8M03yU=","GjzC62VvXaMLOcDutuWJMGwdpySZsLi2NGIJDKzB5B8=","IBFj8HH1je2uEXr8Mk61092CNA+gbqKIqon1sIZFq/Q=","TSlhsufV04izqAw8Og5Z+Ayl7hfoeBtozdENCQmaJtE=","RlnwuUC4ZMnxH7AHZ/6t1uHA4wL/nXZnBYQFL0ZEEts=","F7f9DqJ6CDMqbd3hEPtnwnoA75d/HGQfYvTAVABeCGo=","TxaksHSCZQvtyoHnyCKWKu0GmDD9WraIUAyWv5O/NqI=","EAld/ID/I/QisEGShprYGv5eE4jisYB3giFySLimXPQ=","tCV1Ywmoaq8HboSpyYXcgk3NkyHQkG8kFAz+HaRx/eI=","Z8aYONoxtSXFD9Xl7yDb9IA4d5dSklREe42WKUE/VYo=","DFy349i9xlZ5h9DObS3RRP3hn3qkBi9OFVWs/X57Yr0=","GgdGN5Ev2igKbUUC0xlCxaahw0VTcK95dsFavc029rw=","J8ty96vF74SLnPLTklmy84TKaBUmSGTumzVYCr04N9U=","wg2FK8fP7/a3HlLxoMSXCnUGw94eu+6HmikHRhgqOY8=","OwzzcXJnh7SifwQuaSJfvYr4c4OwxwKmN1MbMLN8/Ng=","o6Nux344YYqz6ThciqDAjMRVQY++hJzQwcM14RScxdI=","aaq9AD2jNRRNx87vg8DBJncZAsjArtNfQ7cDEw4x2F8=","BGY7LMxUSg0sX910vOScyofWu4oJeZpKd99h6PRnqEQ=","V2v/JbeO6MQ+UVcVWncMKcLiU59Dm9WB7MBCgr6m6SE=","ObVpncqlQWOnjOJrjm/QYD9JqdCj5uxWtJtJFQ73Lmg=","oroggQ7lArX0nhOzczMhk8Jl/zJJYndCfaFW/tFxDRg=","oFW4z0OcxPuPy1uBg6R/40Rvu2xlxRM9bOoC+JrYXy0=","A5G4mJbrOR4KrZHBTdiL36y5edNPAlpSwrQ8LdNLXhE=","9e8Ew5e8OCVs6OzyT0h7FCkaiv8/zPQF3t8xjZZkeao=","hLNVqBLrYY/pby0//ekhQBDJlvDEsFYgvmMlYV2olUY=","QU5UET3dnJSFf4Jb7rD89ZY9M4Pq3e7hk2no7UnO3Ik=","DGApHLshSkg6JGEvXwkyeXeusadRL5sQqoD0JG02yNU=","9SP6TiyQ3q1bLnCDtsCUdBD8kAC1FRLZmR6qdpXurZY=","/AN0JO2R7GBHcWnvSk8EvhirhQK4Knxx6z9ELSNprHE=","RcRlRw7mVhS0a2s4c9gFch1cs2P2JnZ1h8zVej7hX9Q="],"block_size":4096,"path":"css/github.css"},{"block_hashes":["rucms6VGcL3nIdnUXSYRKb2R7dPpPbHmz2VWYisUVdU="],"block_size":4096,"path":"css/global-new.css"},{"block_hashes":["FGBJujWDghKhZojFSbuz0psE5a1h/n99nXKBlQVexS8="],"block_size":4096,"path":"css/global-overlay.css"},{"block_hashes":["2mtZyj8NMyeMGMEQTsfrKkj2lx5wjBq8baKrtr0tb5A="],"block_size":4096,"path":"css/global.css"},{"block_hashes":["8S/xQVMMZqD5l1JpcR7fBGGeMjr0RsQfNKG4i/MC2dU=","oKsM0zWeHGAPL7Ga5dGV0AZ54AWPEhbPm/5f7SrMxik=","X9JcbNQTdLo60/bluEshiZO6tVbvsvv5vGEOgZ227Q8=","DIz0OYgIzISO9jC7an1r6C4SAfOtqWkg6f6x8OIui1Y=","DhaFGW2NI23S8x4mvHFZQ9JmIoNtTC4nigKi2vvUCQI=","DFmPfoEddZMpVr30hE88zncJG1bMAaA9EUdPUHGY74A="],"block_size":4096,"path":"css/gmail.css"},{"block_hashes":["Ho/JmPAYPQKe3KsYkrQQ3Qeln5s6BwAeu8GJZRVf1M4=","vogTgwdnqXLp4396Cuofe9SW8HuBYYPeO8GH58aDyFs=","9aA5DzY/6F27ZO8b3gu/75pzZ6N0tbrrIv8Lj98bA2E=","oejXgzhiqPFZtSKVzZOzzAPowXyYkL/5k86nyGRYX2M=","xS9E9ml3aW6eXdIJUodYnnPSA7c5lAk48se6x9uV10E=","L5RybKhrhP86kNm7uH2dEzPTWT6SMhtbnuOvtTB65XY=","Xboc0XPsLN4awNoHRaRhieTQdcUMsQmJsNPqA9p2kHg=","A0RN5eg8YkqunegbndDBq9GukACyptYoF4x7FhJxku4=","W1PJ4BLLKuO8KTKMDMY2tcMLLVBoF3cX7wSEmZ1gQ4o=","TauGOwo8aDvd3SBofSUhQRskNKOUr11OTgSDXxzCsCA="],"block_size":4096,"path":"css/google.css"},{"block_hashes":["MsjfQWxV+o0IK8n3qg4S2jbAUySYQ5zZsvMYN+XuVjM=","kPiZzkVs7oQHFLfd44iSoNBMDORkVqer1eaNMva8Z3Q=","U5+v6zMQvDxItd9E3xGFi3PZaFTl2P6nNYWnMgP7X7k=","SPQHJC/iMwYWXU5J1mbYi1GrbgGvKDI0fhy9c2Alq8s=","P6CzzAQc5qyqWUDWCV1ACOs5fiYb3OtX/M7lD04F7Dg="],"block_size":4096,"path":"css/noty.css"},{"block_hashes":["rEijphYrDQRzb2P6NwUKVT57dUJ/MAL6xgA0Gvfa7mU="],"block_size":4096,"path":"css/options-page.css"},{"block_hashes":["Qp47T7DQD2ME0tF9q+1Hgmvq3ZDgUdoeS+Tyi9UZRJw=","Mryd05aJPeaTKjevgTQm+Sbi/QVstJAbrdO/IGRN02w=","KWW/U3VwuLbYqfozNqP1fz+qFdsphPLoXt4lJ6tWJuQ=","bYq6VHLRFfo9nh+T9Ce4fs3nGcoQl9tC3hVf3yFC8dY="],"block_size":4096,"path":"css/quora.css"},{"block_hashes":["S0Wn7VfLSIE0780y3JeoBGAzBkQ5qCkdmcGY+bB87Mc="],"block_size":4096,"path":"css/range-slider.css"},{"block_hashes":["QKdqFRyFplKdFuWmkQCMyNaJVi2FotPAN6hZoGreQxI=","B37FEsXokoBTNAcVXM3ryRRSWrHwhAwqLkw/L9Hai6c=","0x2+2ulGBtz8UP4EiZiVORML90ZY4+et7klon3vxioU=","vpcwxQypiQXlbTF5l21mOqztye4XAj7mCqlPdLyDVg4="],"block_size":4096,"path":"css/toggle-switch.css"},{"block_hashes":["u0krphkn9g20IoKK8iw06h2O7yP+nl6lswVC60LiTo0=","fafznGOSHDa4WuTCTQ9K58fUbE49AZxIChSjdUUUYMo=","Bsne3US/sfQVQKgdxdJG2GfcvLMpBVnJn8EVPUKVCMw="],"block_size":4096,"path":"css/twitchTV.css"},{"block_hashes":["o7j9DiH7I7fnmledga4EHhbLZ4R8wldWkQ2isoUuPNQ=","YjI5xFHszzC1uYKgIL2LECPIwQIli9L1YfzI5mCXuC8=","fvfPyGHggInBW1s2FaToHdNDE6IkDUiKExDJ99w+7MI=","qB9QG7/5amlfM7Eywg8n/OrwvKMYaIjsHGwE29CT7vY=","pz6ZyAnyRiUeT/evdlCpfJzix5vOdpy1S/J3c5zyPks=","8QSgxaOlV/Yj+MR1KT6PDXcBxecwT27Nfl5j+upZYCg=","Qy+cAh65Lx0BuInDsgyUNtuSytmyymwBk/cq4HbSHQU=","hGB900OnYnlJOYG+d8UQAsUSFuVbsPfK7VguEqbLEMU=","DwGTycsDxEYTcsILjI9jj/plah+6TndKMLax9zz05/Y="],"block_size":4096,"path":"css/twitter.css"},{"block_hashes":["JGAIPcUH1BGmI9IywVTQh59yjUo5xrJV2qhv7Y2p9a4="],"block_size":4096,"path":"css/universal.css"},{"block_hashes":["v1nE2q6zOsSEO3giBLB3sdx4EDutm0fYXh2eaZX5yUo=","UGjFNn910NhdBJSrKtVjU9IbDQzHirXYY4JJYYKmzb8=","AH5Y9GHHbHLBVkbt9HpR/QegMvnVygbrzrZeUuyL1Ko=","/E7N68rf1h+PIvnpsAxLrJnEcYeuNaRPAoxMr25Qgjo=","5+NSduJy4vMulwtlaVMXievxphI7vUo0rUnV05403tM=","GWgWIqO78p2esZbtwGecywZMX8HSiwtmwMyheQANoIg=","F4gfDYQoFP7hbQ9HRr7S/UhIV6Fmpx2Ny/DSTiW666U=","dAQi5ZLiUE+qMpnH5JIWE4Urvakar3//1X2gWtY5t30=","s1CIoRc1hhauqEcvt4Wtec6PSUsmiHxDiC3cVlZj+sU=","BjTJlA2hWpgCcYmLlJSl444NG13KrK/pUvLd2qWZj2Y="],"block_size":4096,"path":"css/wikipedia.css"},{"block_hashes":["EIobbYRTai1ZYinkpux9jsuxVGP2yjbtuCPIGr2cKno=","CJun/IZBfEkozLyXBotVIjJ5gNGZkdvw0HhEtBGUZpQ=","+CD+ovt7kS5vfvJX+Lq2Zlvo5sYfkMLPjhDtVuTXCB8=","h7bL38QmxWRzewfPG6N7jtGoVEqaYnVziWRISqLcCww=","LOlq1oJxg646yGuJGq3ymi1Bz9zcXTWi3Hhk1YRgGf8=","TNVgroAE1TXRoqgZQK3W5cz4EKidCnJGWZxJ+xYPfKw=","ln8ZfFjKTi08eiTB2pITZXTMRT70euN8LexV0v0aGZU=","a7GkF+d187fNC+zw2LACt2nyr1OVXRe2KQI179YQnkA=","dA9wpTLLavEG3OyqAMrVL0odytLMJd7JkXx2alTw3Hc=","2kRNKI0YHQ5EhvwQ2ko9Fik67XC0Cu0FqjIldFWTb1Q=","f28YkqZDP46mS1bvPuOSkAdD87fLGQV0qsHsHUXywoI=","2tieo0J8r/AoGDrCHvT+HX/mb/Xchc8kV1mzJkrAeWE=","GxyEtc+0Utu8XxzuCUBkEP0m75a9sgb00/V1KcIkSGg=","L3rchRvJ8N0JTNaWJKPC86ADIRAMNDbrjfX6oeGRFDA="],"block_size":4096,"path":"css/youtube.css"},{"block_hashes":["rkRWyMTs13gU0jI7ALFv0IkysjcP7LhAIUYcECgIXKw="],"block_size":4096,"path":"icons/help.svg"},{"block_hashes":["bTZMtf1Z9nu2FTQdeHDWGsck4VSoH4FisHnH2NLj1Do=","4IG9ZaYm0j6xjXdfT4mKlrVLWPyZ0WedFp2UoVg82F8="],"block_size":4096,"path":"icons/icon 128.png"},{"block_hashes":["vwJ5dPuEFCyNbpHulqtmpWueX2Ci6cDpJZl+RUeu1zg="],"block_size":4096,"path":"icons/icon_cross.svg"},{"block_hashes":["MECHIeCShLdmpQQWK6zjgD9Oe3SnS4hDWITsXaE216E="],"block_size":4096,"path":"icons/lock.svg"},{"block_hashes":["PqKvSZzPqRIQrfba4ghPD3XRtTFEcE7O1ukp9qTHb2U="],"block_size":4096,"path":"icons/settings.svg"},{"block_hashes":["KCuLTJ5ategeSaW6RH3LRo6jEQheCm4ZlX+EEmO/GOI="],"block_size":4096,"path":"icons/unlock.svg"},{"block_hashes":["ev9QNXpg5eltMyFYt57Prg0eV+FateR9Md/l6E+BSLM=","pzW86qnUKRH8UlqXEjXwk0rIDvvrafTx8oWPQ70uXzU=","CN9sP/1fSN1uSC2ESWlZmtLoYKDB5DY7SeM8cF5vCfU=","pydKPnSbTUZfka4rOWqX1+lZ7buQ0RkrVZ9GRoY0MEs=","ccQlW55lIxfKYjci5Z3dsXiYaxdnh5zrjgx9tRKPrzQ=","8IU/puIKdcTLU1JjXrp7QsksQlipz+EN9Lvn2Enbrl4=","cqk4RZZ9UIek3SkBDVkh/FV3prj09QxGQjULjQT4/QY=","ok+tI5SchcX/jC5Suu0gibFHwC5G2ruGkT25VGC7tCQ=","x+EiVSog8MRZo/oq8ldkXFACgcAyShcsmDbUaQqL9mo=","nwqmKYkAXtoQT2G1niaC28FHfAJceSOuRtvvkHsbGAY=","1WGRbaXn8Fv6QAZTOJdghSvmkNYnKd+bPq95l30xhxg=","nXpztUD39uebH591ESGqOL1OdCmmIw9riSlKZqxOMZ4=","+nZxYFopoKWDzk8OF6yvECyoQOokK9xQzQIC2K1ksTM=","WQa9wB4JoGvM1SsyjhG+IA4H4Uik3ZEY0MvaF/u5duQ=","wvxirFe4HNa2dq2LWeLYSMSGaIs5zuMfzKK+PBaqiJw=","x/UOHVw0ob677R7nTQTwbjI5Kbd175FjRipTfbqk07k=","kVC2QvvdC7N5WU0pwA1Ilx+bvota+uCD8Rh2S4v/RrU=","KPXRmMy8P4/lkU+IzGR03kn/E03ExrfFcb+gw6bv7y4=","wlUeceFNuxcmotLPcgMYTSMJVBs52UFxYo3MEY2mUMQ=","xE/k0uflqRSvUYXZr2Qy4LqaYl1T5YQPLyz2JcjvV1Q=","/iBL/hlyMZGggYOtMMt4u4qski5esjabi43N849S4Xw="],"block_size":4096,"path":"js/jquery.min.js"},{"block_hashes":["Rf9I21FoUiuMpEfYPV4SFFMtEleVN0zS2r8Fwoa+K08=","Zf8S6dnuX7RywJp9eJ6L8hRHZ4xoCwnhwrbWhOrKZZ0=","rMbG7d6kki8M0bAEZ+Wtlp/g8RBGAScOP8mfn1LYtb8=","rqmA3Of/jHFH3pzE5o1El+av37HbfSFnc9YM2bgwmyY=","v9y/Jt/WOcfjvwMxhBFuQuio4hOgE2HfxjVRbwYHTj8=","pH17AEZ5aUkLTKdQMsbvHcJ57drUN8dOvcM1dLc2t1o=","4RlhBIyJ1Qdr8hCSX/q1fXAhsep2Caa7B6n0rZ+rmi4="],"block_size":4096,"path":"js/main.js"},{"block_hashes":["bo59TfXezPOrrAid7Me/Gvd1a/Zr79gbNG4F6qc7BRo=","QVFqyOjNLeNd9uJNWeGLNI+VCaO8REvQMEtkBUDnS8A=","HvZuk7T6JfpYLt88rnuJhri6zmA0Yf1c5SS01k3hdrA=","QRylBCurLdsHsYBnjeDLV7esET2GjlO6lV1o6kuGFO0=","1rjgGmCXEUUes60IMm2tOsQoC9P5/DdX7FCroULeY74=","oleGmx/0r5tvwfyEMWwigmUhF8sEzQ2vMrgEoJO53Nk=","t2sUwCsRv1DgnZRePJKd3Xz30Vai6baEYFpaYKnpknE=","iDEJCxMM7e1Apm26y7QZ2yEWfyfkQ+dGOOiqfeeUh9M="],"block_size":4096,"path":"js/noty.min.js"},{"block_hashes":["oAmcDg8COvmlgSNZy1IDpjFIV4nlPvZQma78ULENYBI=","BWblQ08JNNmGEnOwIz52mNyPf7Lls9czCWYtyFQYDZs=","mWgV94aJFoLZgoqN6x191N0HAcOKNxC2h/AD/B/+kwE="],"block_size":4096,"path":"js/option-popup.js"},{"block_hashes":["CoplINvLfhWGCjjL7d4gOLfxVPoj8LmDnBvQlUh1Df8="],"block_size":4096,"path":"js/options-page.js"},{"block_hashes":["5hADwnvAa0mZhKvuwU4WZxGBX0B42NdpJt5AHhnjFSQ=","hMDL093xnJSGz6etRZVxn6U4hbTE8fM0pjwYanImaN4=","LxDUcpsAbjMr5msQnpTWr7P/OaX88nIa/b0U3v9RwGo=","qN9jWEM4g/X+jlhrsWJLcXAuPl56V0zDittS4PCymCE=","tFblocKIjEpLmNcs/kiEMy0e9ysIgJD8ThdWcXAlIpM="],"block_size":4096,"path":"js/range-slider.min.js"},{"block_hashes":["+duoItCRD9Xtd9WOU6+Z7OgIht6OMz/MAkj76BoWU9I="],"block_size":4096,"path":"templates/options.html"},{"block_hashes":["RHUaaeFM1pidRVOYaQZjEUbMwXONZ42S5zKPeGZUYzU=","tKgIo/ZQiLtosF2r+p2isXKPEA/90VzSwyMjH8pt5x8="],"block_size":4096,"path":"templates/popup.html"}],"version":2}